City_ID,City,Lat,Lng,Max Temp,Humidity,Cloudiness,Wind Speed,Country,Date
0,waitangi,-43.9535,-176.5597,7.68,97,98,1.79,NZ,1720007214
1,kidal,18.4411,1.4078,38.25,29,30,7.51,ML,1720007215
2,palmer,42.1584,-72.3287,20.69,82,40,0.0,US,1720007140
3,qamdo,31.1667,97.2333,6.65,86,99,2.59,CN,1720007219
4,sao joao da barra,-21.6403,-41.0511,20.05,74,0,3.77,BR,1720007220
5,yellowknife,62.456,-114.3525,12.29,94,75,2.57,CA,1720007077
6,grytviken,-54.2811,-36.5092,-4.8,74,8,3.11,GS,1720007223
7,blackmans bay,-43.0167,147.3167,6.52,85,19,0.45,AU,1720007224
8,bredasdorp,-34.5322,20.0403,13.41,82,93,2.43,ZA,1720007225
9,moranbah,-22.0016,148.0466,15.34,80,9,4.62,AU,1720007226
10,farafangana,-22.8167,47.8333,21.5,75,80,3.23,MG,1720006965
11,college,64.8569,-147.8028,17.32,63,75,3.6,US,1720007229
12,tolanaro,-25.0319,46.9987,25.04,61,40,8.23,MG,1720007230
13,port-aux-francais,-49.35,70.2167,0.76,55,33,4.41,TF,1720007075
14,pindushi,62.9152,34.58,15.26,92,100,0.96,RU,1720007233
15,whakatane,-37.9585,176.9854,5.28,96,35,2.79,NZ,1720006971
16,malmberget,67.1753,20.6549,14.31,58,40,2.57,SE,1720007239
17,caconda,-13.7333,15.0667,26.89,16,5,2.42,AO,1720007242
18,georgetown,5.4112,100.3354,30.97,58,20,3.09,MY,1720007052
19,qaqortoq,60.7167,-46.0333,3.71,87,45,1.49,GL,1720007245
20,mansoa,12.0733,-15.3189,30.11,67,81,3.74,GW,1720007246
21,nieves,15.3274,120.9485,28.73,80,94,1.28,PH,1720007247
22,mejit,10.2753,170.8646,27.94,81,78,7.64,MH,1720007248
23,atafu village,-8.5421,-172.5159,29.09,77,7,9.02,TK,1720007250
24,ushuaia,-54.8,-68.3,1.81,80,75,1.54,AR,1720007038
25,whitecourt,54.1502,-115.6855,11.16,86,100,5.13,CA,1720007252
26,bethel,41.3712,-73.414,19.19,91,73,1.19,US,1720007254
27,albany,42.6001,-73.9662,19.36,79,80,1.75,US,1720007103
28,papatowai,-46.5619,169.4708,4.92,90,64,3.3,NZ,1720007256
29,belmonte,-15.8631,-38.8828,24.9,64,68,3.59,BR,1720007258
30,kargasok,59.0556,80.8572,16.09,82,100,3.77,RU,1720007259
31,iqaluit,63.7506,-68.5145,5.85,75,75,5.66,CA,1720007260
32,livadeia,38.435,22.8739,31.19,44,33,2.74,GR,1720007262
33,punta arenas,-53.15,-70.9167,-2.99,93,40,2.57,CL,1720007263
34,west island,-12.1568,96.8225,24.99,78,75,5.66,CC,1720007264
35,geraldton,-28.7667,114.6,11.23,76,0,3.6,AU,1720007096
36,la gi,10.6667,107.7833,27.2,85,100,3.83,VN,1720007267
37,olonkinbyen,70.9221,-8.7187,3.72,98,99,5.99,SJ,1720007268
38,adamstown,-25.066,-130.1015,20.55,61,100,5.48,PN,1720007270
39,vorgashor,67.5833,63.95,14.01,94,100,7.08,RU,1720007271
40,thompson,55.7435,-97.8558,10.09,100,75,1.03,CA,1720007272
41,katsuura,35.1333,140.3,26.01,95,100,4.64,JP,1720006995
42,vilyuchinsk,52.9306,158.4028,10.15,98,100,1.4,RU,1720007275
43,ribeira grande,38.5167,-28.7,24.32,73,20,7.15,PT,1720007277
44,freetown,8.484,-13.2299,26.84,78,75,3.6,SL,1720007279
45,pacasmayo,-7.4006,-79.5714,17.04,90,72,1.77,PE,1720007280
46,lospalos,-8.5186,127.0025,21.6,74,74,4.74,TL,1720007281
47,nova sintra,14.8667,-24.7167,21.4,80,63,4.47,CV,1720007283
48,aromashevo,56.8602,68.6375,21.42,60,14,3.6,RU,1720007284
49,karaton,-6.3424,106.1045,25.16,91,58,0.74,ID,1720007285
50,fort mcmurray,56.7268,-111.381,15.77,88,20,4.63,CA,1720007099
51,keflavik,64.0049,-22.5624,12.95,87,75,8.75,IS,1720007288
52,roma,43.2128,-75.4557,21.31,72,0,3.6,US,1720007289
53,tiksi,71.6872,128.8694,4.01,81,91,1.63,RU,1720007290
54,edinburgh of the seven seas,-37.0676,-12.3116,13.21,80,63,16.99,SH,1720007292
55,port alfred,-33.5906,26.891,20.66,71,100,2.12,ZA,1720007293
56,maceio,-9.6658,-35.7353,23.69,88,75,1.03,BR,1720007294
57,orlovskiy,46.8714,42.0592,34.38,14,89,6.41,RU,1720007295
58,palikir - national government center,6.9248,158.1611,25.41,94,75,1.54,FM,1720007297
59,huntington,38.4193,-82.4452,24.74,82,40,2.57,US,1720007298
60,silvan,38.1419,41.0081,34.16,16,5,3.67,TR,1720007300
61,hermanus,-34.4187,19.2345,16.0,82,100,9.31,ZA,1720007301
62,isafjordur,66.0755,-23.124,7.02,76,100,7.2,IS,1720007302
63,basi,26.8333,76.0333,36.19,91,100,7.23,IN,1720007303
64,mar del plata,-38.0023,-57.5575,7.27,93,75,4.12,AR,1720007139
65,zaragoza,41.6561,-0.8773,29.45,24,0,9.77,ES,1720007306
66,jamestown,42.097,-79.2353,21.42,72,20,4.63,US,1720007308
67,saipan,15.1355,145.701,29.39,79,20,3.6,MP,1720007309
68,mugia,43.1041,-9.2179,24.53,76,13,6.37,ES,1720007310
69,la passe,45.5549,-0.8967,22.13,71,93,5.99,FR,1720007311
70,antsiranana,-12.2787,49.2917,30.42,48,20,5.14,MG,1720007313
71,puerto natales,-51.7236,-72.4875,-5.53,95,97,0.85,CL,1720007115
72,hithadhoo,-0.6,73.0833,28.9,72,89,1.09,MV,1720007315
73,rongelap,11.1635,166.8941,28.27,72,71,8.38,MH,1720007316
74,ilulissat,69.2167,-51.1,4.01,87,75,2.06,GL,1720007318
75,tindouf,27.6711,-8.1474,41.25,4,0,8.23,DZ,1720007319
76,pingzhuang,42.0372,119.2889,18.0,62,100,2.8,CN,1720007320
77,yuzhno-kurilsk,44.0306,145.8556,15.73,79,98,1.52,RU,1720007322
78,port lincoln,-34.7333,135.8667,10.94,72,1,6.12,AU,1720007323
79,mabaruma,8.2,-59.7833,25.71,90,34,1.11,GY,1720007292
80,magadan,59.5667,150.8,12.15,85,90,1.45,RU,1720007325
81,melilla,35.2937,-2.9383,30.11,69,20,2.57,ES,1720007328
82,puerto ayora,-0.7393,-90.3518,20.86,99,43,2.78,EC,1720007329
83,quang ngai,15.1167,108.8,26.51,85,100,3.41,VN,1720007101
84,la sarre,48.8002,-79.1996,13.84,97,100,4.47,CA,1720007332
85,san clemente del tuyu,-36.3569,-56.7235,4.99,73,54,8.03,AR,1720007333
86,sabang,5.8933,95.3214,29.04,73,69,7.73,ID,1720007263
87,puerto baquerizo moreno,-0.9,-89.6,21.01,86,57,3.8,EC,1720007335
88,fort wellington,6.4,-57.6,26.42,85,51,1.64,GY,1720007337
89,afaahiti,-17.75,-149.2833,21.93,71,88,8.94,PF,1720007179
90,cambridge,43.3601,-80.3127,21.64,82,20,3.09,CA,1720007339
91,el gouna,27.3942,33.6782,39.05,37,0,5.9,EG,1720007341
92,egilsstadir,65.2653,-14.3948,10.95,76,100,4.12,IS,1720007100
93,boa vista,2.8197,-60.6733,25.99,83,20,1.54,BR,1720007343
94,ashmun,30.2986,30.9764,35.47,12,0,2.67,EG,1720007344
95,anadyr,64.75,177.4833,15.28,72,0,5.0,RU,1720007095
96,san patricio,28.017,-97.5169,28.92,86,16,2.49,US,1720007298
97,fortuna,40.5982,-124.1573,8.51,100,0,0.0,US,1720007349
98,ust'-ilimsk,58.0006,102.6619,25.18,58,65,3.14,RU,1720007351
99,sinop,41.7711,34.8709,22.24,30,0,4.42,TR,1720007353
100,tura,25.5198,90.2201,25.53,95,100,2.8,IN,1720007354
101,hadibu,12.65,54.0333,29.96,58,42,11.57,YE,1720007355
102,bilibino,68.0546,166.4372,10.16,78,46,1.33,RU,1720007356
103,singaparna,-7.3515,108.111,22.35,98,76,0.91,ID,1720007358
104,tanout,14.9709,8.8879,35.54,32,30,5.27,NE,1720007360
105,ahome,25.9167,-109.1833,26.91,73,100,6.14,MX,1720007364
106,ust-nera,64.5667,143.2,15.71,69,100,1.1,RU,1720007368
107,contamana,-7.3333,-75.0167,21.5,87,23,0.34,PE,1720007370
108,thunder bay,48.4001,-89.3168,13.95,100,40,0.51,CA,1720007371
109,lubango,-14.9172,13.4925,25.64,14,5,2.64,AO,1720007372
110,ancud,-41.8697,-73.8203,7.47,86,90,10.11,CL,1720007375
111,eirunepe,-6.6603,-69.8736,22.43,79,70,1.09,BR,1720007376
112,leninskoye,41.7589,69.3864,32.62,13,1,5.93,KZ,1720007378
113,bamboo flat,11.7,92.7167,26.05,94,100,2.57,IN,1720007379
114,kirakira,-10.4544,161.9205,26.08,87,90,5.09,SB,1720007380
115,guingamp,48.4167,-3.3333,17.63,90,99,4.55,FR,1720007382
116,nicoya,10.1483,-85.452,24.11,95,99,0.63,CR,1720007383
117,port mathurin,-19.6833,63.4167,22.29,64,16,9.26,MU,1720007384
118,bardai,11.65,7.2333,28.76,57,57,4.63,NG,1720007385
119,barra de santo antonio,-9.4047,-35.5072,23.6,75,66,4.49,BR,1720007387
120,caransebes,45.4167,22.2167,16.71,82,100,1.19,RO,1720007388
121,oboyan',51.2098,36.2792,31.42,33,74,3.27,RU,1720007389
122,elliot,-31.3333,27.85,17.9,25,50,8.43,ZA,1720007391
123,hawaiian paradise park,19.5933,-154.9731,21.73,94,75,2.57,US,1720007392
124,ta`u,-14.2336,-169.5144,27.35,82,11,11.33,AS,1720007138
125,qarazhal,48.0078,70.7903,24.09,42,100,5.03,KZ,1720007395
126,cootamundra,-34.65,148.0333,4.41,83,5,2.54,AU,1720007317
127,utrik,11.2278,169.8474,28.05,79,76,7.79,MH,1720007397
128,san luis de la loma,17.2706,-100.8939,24.4,88,100,2.38,MX,1720007398
129,katrineholm,58.9959,16.2072,17.94,80,98,1.26,SE,1720007400
130,arraial do cabo,-22.9661,-42.0278,21.92,88,0,1.54,BR,1720007179
131,wailua homesteads,22.0669,-159.378,24.44,75,75,5.66,US,1720007402
132,felege neway,6.3,36.8833,24.92,54,82,0.66,ET,1720007404
133,nahiyat ash shinafiyah,31.5874,44.6602,42.09,11,0,7.05,IQ,1720007405
134,north battleford,52.7834,-108.2847,11.89,100,0,4.12,CA,1720007406
135,udachny,66.4167,112.4,14.4,38,10,6.5,RU,1720007407
136,klyuchi,52.2667,79.1667,22.49,50,70,3.06,RU,1720007409
137,aasiaat,68.7098,-52.8699,2.97,86,99,1.46,GL,1720007411
138,kismayo,-0.3582,42.5454,27.79,64,97,7.41,SO,1720007413
139,avarua,-21.2078,-159.775,24.03,88,75,5.14,CK,1720007414
140,whitehorse,60.7161,-135.0538,12.43,81,100,3.09,CA,1720007415
141,khandyga,62.6667,135.6,16.41,76,70,0.55,RU,1720007417
142,hasaki,35.7333,140.8333,24.22,91,100,4.38,JP,1720007181
143,luau,-10.7073,22.2247,31.09,18,28,1.49,AO,1720007419
144,lorengau,-2.0226,147.2712,25.37,90,100,3.16,PG,1720007420
145,isangel,-19.55,169.2667,22.69,81,13,1.92,VU,1720007421
146,cabedelo,-6.9811,-34.8339,23.37,79,87,7.9,BR,1720007265
147,tazacorte,28.629,-17.9293,23.42,79,75,5.66,ES,1720007425
148,ende,-8.8432,121.6623,24.27,86,67,1.97,ID,1720007426
149,aswan,24.0934,32.907,40.61,11,0,3.09,EG,1720007318
150,enewetak,11.3474,162.3373,28.67,80,100,8.02,MH,1720007429
151,new norfolk,-42.7826,147.0587,7.18,95,10,1.07,AU,1720007430
152,al fulah,11.7329,28.3579,36.3,27,100,6.83,SD,1720007432
153,dondo,-19.6094,34.7431,26.73,40,0,2.87,MZ,1720007433
154,jawf al maqbabah,13.8378,45.8349,29.64,47,80,5.53,YE,1720007434
155,horta,38.5333,-28.6333,23.9,77,20,7.15,PT,1720007435
156,happy valley-goose bay,53.3168,-60.3315,20.17,56,20,5.14,CA,1720007391
157,carolina,18.3808,-65.9574,30.2,85,75,5.66,PR,1720007439
158,tual,-5.6667,132.75,26.47,87,80,10.36,ID,1720007440
159,ambodifotatra,-16.9833,49.85,23.98,65,33,6.21,MG,1720007442
160,tughyl,47.7252,84.2063,18.83,62,69,1.93,KZ,1720007324
161,gulbene,57.1777,26.7529,20.42,50,92,5.04,LV,1720007444
162,al wafrah,28.6392,47.9306,43.84,7,0,8.43,KW,1720007445
163,zilair,52.2332,57.4392,25.66,51,24,2.58,RU,1720007447
164,mili,6.0815,171.735,29.04,78,88,7.25,MH,1720007167
165,vylkove,45.4021,29.586,29.89,40,50,6.58,UA,1720007449
166,mount pearl,47.5166,-52.7813,14.48,98,100,6.69,CA,1720007450
167,turpan,42.9333,89.1667,36.21,22,20,1.92,CN,1720007452
168,alice springs,-23.7,133.8833,2.75,81,0,2.06,AU,1720007453
169,stanley,54.868,-1.6985,14.88,74,40,4.12,GB,1720007454
170,divnoye,45.9089,43.3547,33.63,22,38,8.66,RU,1720007455
171,mahina,-17.5065,-149.489,22.87,73,20,2.57,PF,1720007370
172,rio verde,21.9333,-99.9833,18.64,94,34,0.86,MX,1720007458
173,dryden,49.7833,-92.7503,15.16,94,75,5.14,CA,1720007459
174,kapuskasing,49.4169,-82.4331,15.05,94,100,3.6,CA,1720007460
175,monrovia,6.3005,-10.7969,24.87,73,62,4.79,LR,1720007461
176,hamilton,39.1834,-84.5333,26.05,81,75,3.6,US,1720007463
177,newman,37.3138,-121.0208,23.49,23,0,1.31,US,1720007464
178,forster,-32.1667,152.5167,10.77,97,81,4.76,AU,1720007465
179,saldanha,-33.0117,17.9442,14.03,87,92,8.86,ZA,1720007466
180,uturoa,-16.7333,-151.4333,25.78,72,23,11.28,PF,1720007468
181,merritt island,28.5392,-80.672,28.89,89,0,0.0,US,1720007469
182,wynyard,-41.0,145.7167,6.22,79,0,2.28,AU,1720007471
183,lihue,21.9789,-159.3672,24.77,74,75,5.66,US,1720007228
184,arafat,21.3594,39.9664,41.27,11,86,5.93,SA,1720007474
185,karasburg,-28.0167,18.75,17.86,20,1,6.68,NA,1720007410
186,tionk essil,12.7856,-16.5217,31.03,61,71,5.64,SN,1720007477
187,labuan,5.2767,115.2417,28.2,83,20,0.0,MY,1720007479
188,qandala,11.472,49.8728,34.81,44,81,1.93,SO,1720007488
189,alofi,-19.0595,-169.9187,23.94,83,20,3.09,NU,1720007490
190,motueka,-41.1333,173.0167,5.05,83,50,1.93,NZ,1720007491
191,reyes,-14.3167,-67.3833,18.09,100,20,0.0,BO,1720007492
192,argo,37.6333,22.7333,27.1,42,11,3.32,GR,1720007376
193,nelson bay,-32.7167,152.15,12.27,95,33,7.49,AU,1720007495
194,barrouallie,13.2333,-61.2667,25.96,86,82,6.54,VC,1720007496
195,pangobilian,8.8011,117.8594,27.1,81,99,1.45,PH,1720007497
196,norton,-17.8833,30.7,24.97,20,0,1.8,ZW,1720007499
197,hiratacho,35.4333,132.8167,29.01,83,40,8.23,JP,1720007500
198,rehoboth,-23.3167,17.0833,22.98,5,0,1.9,NA,1720007501
199,okhotsk,59.3833,143.3,10.87,79,55,3.83,RU,1720007503
200,verkhnevilyuysk,63.4453,120.3167,16.25,62,45,3.09,RU,1720007504
201,naze,28.3667,129.4833,27.51,84,31,2.6,JP,1720007417
202,pyapon,16.2833,95.6833,25.87,90,100,2.8,MM,1720007320
203,susuman,62.7833,148.1667,10.06,86,35,1.34,RU,1720007507
204,tari,12.4086,4.4914,32.36,48,81,4.36,NG,1720007509
205,tamale,9.4008,-0.8393,29.77,59,100,3.28,GH,1720007510
206,lebu,-37.6167,-73.65,7.06,77,100,3.4,CL,1720007511
207,carutapera,-1.195,-46.02,26.24,90,22,4.38,BR,1720007513
208,el playon,7.4713,-73.2031,24.15,96,99,1.23,CO,1720007514
209,auki,-8.7676,160.7034,25.41,87,80,2.17,SB,1720007515
210,duncan,34.5023,-97.9578,26.94,64,0,2.57,US,1720007516
211,takanabe,32.1333,131.5,30.94,82,82,3.24,JP,1720007234
212,badger,64.8,-147.5333,17.27,61,75,3.6,US,1720007235
213,vila velha,-20.3297,-40.2925,20.97,100,0,1.03,BR,1720007520
214,pelabuhanratu,-6.9875,106.5514,26.73,89,49,2.09,ID,1720007521
215,xuanzhou,30.9525,118.7553,28.31,83,6,1.16,CN,1720007523
216,kingston,17.997,-76.7936,26.53,89,75,3.6,JM,1720007524
217,kodiak,57.79,-152.4072,8.73,93,100,1.54,US,1720007525
218,hotan,37.0997,79.9269,35.49,13,4,5.11,CN,1720007452
219,rushville,39.6092,-85.4464,24.58,89,66,2.68,US,1720007528
220,prince rupert,54.3161,-130.3201,11.83,90,80,5.66,CA,1720007296
221,kenai,60.5544,-151.2583,9.52,94,0,5.14,US,1720007530
222,sinabang,2.4803,96.3801,28.32,71,87,2.07,ID,1720007531
223,kasulu,-4.5767,30.1025,29.75,25,85,1.53,TZ,1720007534
224,santana,-0.0583,-51.1817,28.1,89,75,2.06,BR,1720007536
225,talnakh,69.4865,88.3972,17.5,37,50,6.08,RU,1720007537
226,margaret river,-33.95,115.0667,10.85,79,0,4.06,AU,1720007391
227,lompoc,34.6391,-120.4579,15.08,100,0,1.63,US,1720007540
228,dalandzadgad,43.5708,104.425,27.17,19,68,3.24,MN,1720007542
229,saurimo,-9.6608,20.3916,30.65,17,18,2.98,AO,1720007543
230,haiku-pauwela,20.9219,-156.3051,23.36,86,75,7.2,US,1720007544
231,port elizabeth,-33.918,25.5701,21.72,62,0,3.13,ZA,1720007545
232,along,28.1667,94.7667,25.36,98,98,0.26,IN,1720007547
233,kutum,14.2,24.6667,32.65,24,85,5.22,SD,1720007548
234,mournies,35.4764,24.0092,30.22,62,20,10.29,GR,1720007549
235,amungan,15.3652,119.9582,28.5,78,75,1.37,PH,1720007550
236,constantia,44.1833,28.65,28.38,57,66,4.58,RO,1720007314
237,saint augustine beach,29.8505,-81.2654,27.83,83,0,1.54,US,1720007555
238,sanya,18.2431,109.505,30.09,79,40,5.0,CN,1720007368
239,san julian,21.0167,-102.1667,13.45,91,30,1.74,MX,1720007558
240,kodinsk,58.6881,99.1844,27.73,46,84,2.17,RU,1720007563
241,labrador city,52.9463,-66.9114,18.99,59,75,2.06,CA,1720007565
242,essaouira,31.5125,-9.77,25.72,65,1,6.17,MA,1720007435
243,jijiga,9.35,42.8,24.89,49,73,7.49,ET,1720007568
244,pisco,-13.7,-76.2167,16.03,88,100,1.54,PE,1720007342
245,neryungri,56.6709,124.6491,20.89,80,62,2.39,RU,1720007574
246,karratha,-20.7377,116.8463,23.34,40,0,7.39,AU,1720007575
247,viedma,-40.8135,-62.9967,2.0,80,2,4.24,AR,1720007576
248,colares,38.7992,-9.4469,27.55,66,20,7.72,PT,1720007577
249,klaksvik,62.2266,-6.589,10.51,92,98,8.11,FO,1720007579
250,maluso,6.543,121.8753,26.98,84,100,2.81,PH,1720007580
251,cannonvale,-20.2833,148.7,20.66,81,58,5.91,AU,1720007581
252,broome,42.2506,-75.833,20.3,82,86,2.24,US,1720007583
253,tobruk,32.0836,23.9764,27.46,71,0,7.47,LY,1720007584
254,murghob,38.1702,73.9667,20.94,10,0,5.13,TJ,1720007299
255,inirida,3.8653,-67.9239,23.62,97,88,1.29,CO,1720007528
256,isla mujeres,21.2311,-86.731,25.09,81,72,2.87,MX,1720007588
257,petropavlovsk-kamchatsky,53.0452,158.6483,9.33,100,100,2.0,RU,1720007591
258,robertsport,6.7533,-11.3686,26.26,77,57,4.66,LR,1720007592
259,sao vicente,-23.9631,-46.3919,22.77,26,0,1.19,BR,1720007328
260,pilibhit,28.6333,79.8,26.18,91,100,4.89,IN,1720007595
261,tazovsky,67.4667,78.7,16.61,46,100,6.62,RU,1720007596
262,aykhal,66.0,111.5,14.76,39,45,4.4,RU,1720007597
263,nizhneangarsk,55.7833,109.55,16.71,73,40,0.73,RU,1720007603
264,nema,57.5067,50.5011,31.35,41,20,4.19,RU,1720007606
265,birao,10.2849,22.7882,36.95,31,74,1.43,CF,1720007607
266,mount gambier,-37.8333,140.7667,4.52,88,0,2.45,AU,1720007609
267,ebon,4.582,168.6964,28.55,78,100,6.43,MH,1720007611
268,nemuro,43.3236,145.575,16.5,74,94,1.66,JP,1720007447
269,cayenne,4.9333,-52.3333,27.02,89,0,2.06,GF,1720007613
270,polyarnyy,69.1989,33.4478,12.77,76,98,7.82,RU,1720007437
271,victorica,-36.2151,-65.4359,5.56,52,81,2.41,AR,1720007616
272,rio grande,-32.035,-52.0986,12.19,80,9,5.53,BR,1720007617
273,grand falls-windsor,48.9332,-55.6649,18.06,82,1,2.31,CA,1720007618
274,villa gesell,-37.2639,-56.973,4.47,79,64,6.07,AR,1720007619
275,padang,-0.9492,100.3543,30.03,85,57,1.94,ID,1720007504
276,takestan,36.0696,49.6959,34.07,36,0,7.02,IR,1720007622
277,arica,-18.475,-70.3042,15.13,77,100,1.54,CL,1720007623
278,longyearbyen,78.2186,15.6401,10.91,62,0,6.17,SJ,1720007624
279,bhimunipatnam,17.8833,83.4333,31.73,67,100,5.08,IN,1720007625
280,kroya,-7.6331,109.2461,25.81,89,70,4.14,ID,1720007627
281,rabigh,22.7986,39.0349,35.86,36,75,6.56,SA,1720007628
282,floresta,-8.6011,-38.5686,24.39,61,37,6.76,BR,1720007631
283,sol'-iletsk,51.1631,54.9918,30.51,37,3,3.12,RU,1720007632
284,guapore,-28.8456,-51.8903,14.84,98,74,0.72,BR,1720007633
285,inari,68.906,27.0288,13.11,88,100,3.95,FI,1720007635
286,mao,39.8885,4.2658,22.31,73,75,3.09,ES,1720007636
287,wotho,10.1657,166.0102,28.47,77,87,8.61,MH,1720007637
288,yuyao,30.05,121.1494,28.87,88,22,2.18,CN,1720007639
289,touros,-5.1989,-35.4608,26.37,80,80,5.99,BR,1720007640
290,sharhorod,48.7383,28.085,20.39,88,100,2.12,UA,1720007641
291,wad az zaki,14.4619,32.2065,39.24,23,81,5.73,SD,1720007643
292,kankanhalli,12.55,77.4167,31.52,53,100,6.47,IN,1720007645
293,havre,49.5833,0.3333,19.08,68,0,6.17,FR,1720007646
294,zeliezovce,48.0508,18.6542,21.79,55,34,3.48,SK,1720007647
295,namibe,-15.1961,12.1522,24.94,51,37,5.71,AO,1720007649
296,carnarvon,-24.8667,113.6333,19.45,38,0,7.36,AU,1720007391
297,weno,7.4515,151.8468,26.97,89,75,3.6,FM,1720007651
298,diok'nisi,41.6293,42.3917,21.97,73,85,0.8,GE,1720007652
299,extrema,-22.8547,-46.3183,19.98,46,0,0.87,BR,1720007654
300,invercargill,-46.4,168.35,4.45,91,18,1.79,NZ,1720007407
301,vizinga,61.0749,50.1031,32.78,32,12,5.19,RU,1720007656
302,st. john's,47.5649,-52.7093,14.94,98,100,6.69,CA,1720007657
303,nar'yan-mar,67.6713,53.087,20.35,55,89,9.51,RU,1720007657
304,sovetskiy,61.3614,63.5842,27.19,48,84,2.08,RU,1720007660
305,kavaratti,10.5669,72.642,28.37,86,97,7.0,IN,1720007527
306,playa vicente,17.8333,-95.8167,23.03,93,97,0.64,MX,1720007662
307,castelo branco,39.8222,-7.4909,31.67,34,8,1.09,PT,1720007664
308,east london,-33.0153,27.9116,19.52,59,0,1.54,ZA,1720007403
309,gadzhiyevo,69.2551,33.3362,12.56,77,98,7.89,RU,1720007666
310,santiago de cao,-7.9589,-79.2392,17.07,94,20,1.54,PE,1720007667
311,ocean shores,46.9737,-124.1563,13.34,89,71,1.79,US,1720007669
312,wuzhou,23.4833,111.3167,26.29,89,100,1.43,CN,1720007670
313,ranau,5.9538,116.6641,22.33,97,91,0.23,MY,1720007671
314,chernyshevskiy,63.0128,112.4714,17.15,57,44,2.05,RU,1720007672
315,znamenskoye,57.1281,73.8282,15.8,82,99,4.37,RU,1720007674
316,mrakovo,52.7161,56.6244,28.2,58,18,2.88,RU,1720007675
317,pasuquin,18.3328,120.6177,31.97,79,75,3.6,PH,1720007676
318,tokar,18.4254,37.729,42.63,20,100,10.28,SD,1720007678
319,port hedland,-20.3167,118.5667,23.03,40,1,3.6,AU,1720007679
320,sevastopol,44.6,33.5333,27.22,52,1,3.13,UA,1720007680
321,virac,13.6333,124.2167,23.75,86,73,2.12,PH,1720007681
322,erdenet,49.0333,104.0833,22.51,57,66,1.84,MN,1720007683
323,levelland,33.5873,-102.378,22.88,59,75,4.55,US,1720007684
324,tarfaya,27.9358,-12.9218,20.86,76,96,6.71,MA,1720007685
325,solwezi,-12.1688,26.3894,26.26,25,47,2.28,ZM,1720007562
326,korla,41.7597,86.1469,32.61,11,0,1.52,CN,1720007688
327,chinde,26.8418,88.0763,21.16,92,100,1.99,NP,1720007691
328,obanazawa,38.6033,140.4019,22.39,99,100,1.06,JP,1720007695
329,flying fish cove,-10.4217,105.6791,25.82,94,100,5.14,CX,1720007696
330,broken hill,-31.95,141.4333,10.04,66,36,4.79,AU,1720007697
331,dullewala,31.8359,71.4362,47.79,16,0,4.6,PK,1720007698
332,uglegorsk,49.0833,142.0333,16.37,84,12,0.54,RU,1720007700
333,aras-asan,8.8908,126.3033,27.55,79,7,1.38,PH,1720007495
334,mont-dore,-22.2833,166.5833,23.89,99,86,0.89,NC,1720007707
335,colonia menno,-22.3667,-59.8167,21.37,44,0,3.25,PY,1720007708
336,bel ombre,-4.6167,55.4167,28.91,70,20,5.14,SC,1720007555
337,razole,16.4833,81.8333,31.07,67,95,2.52,IN,1720007711
338,amos,48.5669,-78.1162,13.99,95,100,3.41,CA,1720007712
339,ola,59.5833,151.2833,11.32,87,66,1.33,RU,1720007714
340,blackfoot,43.1905,-112.345,13.82,51,0,3.1,US,1720007715
341,tidjikja,18.5564,-11.4271,35.58,23,3,9.94,MR,1720007716
342,kamaishi,39.2667,141.8833,19.02,97,100,0.24,JP,1720007510
343,onguday,50.75,86.15,18.17,70,92,0.75,RU,1720007718
344,fiambala,-27.6871,-67.6149,10.18,15,0,0.76,AR,1720007721
345,island harbour,50.724,-1.2758,19.46,78,99,3.13,GB,1720007731
346,itoman,26.1247,127.6694,30.01,82,20,4.12,JP,1720007732
347,la ronge,55.1001,-105.2842,15.14,77,40,3.09,CA,1720007734
348,cidreira,-30.1811,-50.2056,14.9,94,58,4.9,BR,1720007542
349,porto belo,-27.1578,-48.5531,16.2,100,0,4.07,BR,1720007743
350,portland,45.5234,-122.6762,12.3,88,1,0.45,US,1720007745
351,san jose de feliciano,-30.3845,-58.7517,10.44,80,17,4.09,AR,1720007746
352,talas,38.6908,35.5538,31.37,17,0,2.06,TR,1720007747
353,iskateley,67.6803,53.1512,20.29,55,91,9.49,RU,1720007748
354,meadville,41.6414,-80.1515,22.21,72,42,0.89,US,1720007750
355,arno,60.1167,18.6333,15.44,89,100,1.68,SE,1720007751
356,howard springs,-12.497,131.047,22.95,72,39,4.3,AU,1720007752
357,porto novo,6.4965,2.6036,25.9,88,100,4.33,BJ,1720007753
358,port blair,11.6667,92.75,26.02,94,100,2.57,IN,1720007754
359,lower hutt,-41.2167,174.9167,9.06,78,100,10.29,NZ,1720007756
360,qulsary,46.9531,54.0198,35.09,18,21,3.56,KZ,1720007638
361,dhaulpur,26.7,77.9,31.54,65,100,6.97,IN,1720007502
362,kongsvinger,60.1905,11.9977,19.14,41,92,0.41,NO,1720007759
363,mil'kovo,55.6078,37.7956,33.08,41,41,5.96,RU,1720007763
364,jau,-22.2964,-48.5578,19.95,44,0,1.12,BR,1720007764
365,danjiangkou,32.5428,111.5086,25.36,91,100,0.49,CN,1720007765
366,kapoeta,4.7717,33.5903,34.74,27,79,3.27,SS,1720007766
367,holma,9.9008,13.0567,32.3,44,31,2.7,NG,1720007768
368,ciudad lazaro cardenas,17.9583,-102.2,24.29,90,100,1.86,MX,1720007769
369,maloye ganyushkino,46.6,49.2667,32.0,24,57,6.09,KZ,1720007770
370,san pedro,14.35,121.0167,30.18,77,90,2.24,PH,1720007488
371,kyshtovka,56.555,76.6271,20.33,87,40,4.4,RU,1720007773
372,al ghayzah,16.2079,52.176,33.17,59,42,5.8,YE,1720007774
373,koson,39.0375,65.585,37.18,7,0,1.17,UZ,1720007775
374,araxa,-19.5933,-46.9406,16.98,77,0,1.54,BR,1720007776
375,paka,4.6374,103.4368,28.96,79,20,2.57,MY,1720007778
376,harstad,68.799,16.5293,11.25,96,100,4.92,NO,1720007502
377,chibougamau,49.9168,-74.3659,16.79,67,100,4.63,CA,1720007780
378,remire-montjoly,4.9167,-52.2667,27.02,89,0,2.06,GF,1720007781
379,formosa do rio preto,-11.0483,-45.1931,23.95,47,9,3.88,BR,1720007783
380,tenno,39.9,139.9667,20.56,96,100,3.29,JP,1720007784
381,gao,16.6362,1.637,35.36,34,66,6.59,ML,1720007785
382,yanam,16.7333,82.2167,31.41,64,97,2.44,IN,1720007786
383,nefteyugansk,61.0998,72.6035,20.88,37,13,0.87,RU,1720007787
384,tsiombe,-25.3,45.4833,26.58,41,1,3.89,MG,1720007789
385,markovo,57.3206,107.0881,22.5,79,58,3.08,RU,1720007790
386,empangeni,-28.762,31.8933,31.35,17,0,1.37,ZA,1720007791
387,rurrenabaque,-14.4413,-67.5278,17.94,100,20,0.0,BO,1720007792
388,adigrat,14.277,39.462,17.2,68,100,2.61,ET,1720007794
389,terrace,54.5163,-128.6035,10.95,81,40,1.54,CA,1720007795
390,roxas,11.5853,122.7511,27.86,83,97,2.27,PH,1720007796
391,chapada dos guimaraes,-15.4606,-55.7497,15.81,35,0,1.85,BR,1720007797
392,filadelfia,39.9523,-75.1638,22.57,87,64,1.86,US,1720007799
393,woodcrest,33.8822,-117.3573,23.26,72,0,0.44,US,1720007800
394,ponta delgada,37.7333,-25.6667,24.4,69,20,4.63,PT,1720007801
395,'alaqahdari dishu,30.4374,63.313,46.49,6,0,6.32,AF,1720007802
396,arroyo seco,-33.1549,-60.5086,7.79,10,19,2.26,AR,1720007804
397,najran,17.4924,44.1277,36.36,14,71,5.17,SA,1720007805
398,solnechnyy,50.7214,136.6319,23.08,80,4,2.12,RU,1720007806
399,artova,40.1158,36.3001,29.24,23,0,4.03,TR,1720007807
400,dudinka,69.4058,86.1778,18.02,37,65,6.1,RU,1720007810
401,quellon,-43.1167,-73.6167,5.12,86,100,7.32,CL,1720007811
402,prainha,-1.8,-53.48,25.77,83,10,2.13,BR,1720007812
403,malango,-2.9627,119.9001,20.45,100,100,0.55,ID,1720007534
404,baruun-urt,46.6806,113.2792,24.03,44,100,1.98,MN,1720007815
405,bilozerka,46.6248,32.4425,35.45,17,7,3.79,UA,1720007816
406,ayvacik,39.6011,26.4047,34.79,43,0,5.36,TR,1720007817
407,kyabe,9.4515,18.9449,35.52,39,22,1.22,TD,1720007819
408,beyneu,45.3167,55.2,33.65,19,3,1.32,KZ,1720007820
409,taitung city,22.7583,121.1444,29.15,94,20,1.54,TW,1720007821
410,kerikeri,-35.2268,173.9474,7.73,88,45,1.87,NZ,1720007822
411,dapa,9.7594,126.0531,28.05,78,44,2.11,PH,1720007823
412,meizhou,24.2977,116.1072,27.44,82,10,1.83,CN,1720007825
413,bida,9.0833,6.0167,29.85,66,70,2.63,NG,1720007826
414,shitanjing,39.2342,106.3439,27.84,19,2,6.26,CN,1720007827
415,kitami,43.8031,143.8908,21.7,78,81,1.77,JP,1720007828
416,luderitz,-26.6481,15.1594,18.01,57,30,6.41,NA,1720007830
417,saint-pierre,-21.3393,55.4781,22.82,73,75,10.8,RE,1720007831
418,porkhov,57.765,29.5561,20.41,56,79,5.87,RU,1720007832
419,lhasa,29.65,91.1,22.19,44,60,2.73,CN,1720007582
420,nikolayevsk-on-amure,53.1406,140.73,19.73,77,57,0.44,RU,1720007835
421,orsa,54.5153,30.4053,19.33,74,100,2.65,BY,1720007570
422,bodo,67.28,14.405,12.19,90,75,3.09,NO,1720007837
423,kamennomostskiy,44.2983,40.1856,28.35,46,83,1.15,RU,1720007839
424,tralee,52.2704,-9.7026,15.14,88,75,3.6,IE,1720007672
425,nizhnesortymskiy,62.4397,71.7603,20.15,37,45,3.84,RU,1720007844
426,vasto,42.1243,14.7059,25.38,44,100,5.25,IT,1720007847
427,arar,30.9753,41.0381,39.01,8,0,7.2,SA,1720007848
428,taraz,42.9,71.3667,30.23,20,83,5.0,KZ,1720007849
429,oranjemund,-28.55,16.4333,16.86,63,2,3.05,NA,1720007851
430,serra,-20.1286,-40.3078,20.7,100,0,1.03,BR,1720007853
431,bani walid,31.7566,13.9942,34.73,22,0,5.4,LY,1720007854
432,praya,14.9215,-23.5087,27.3,74,40,3.6,CV,1720007856
433,savanna-la-mar,18.219,-78.1332,28.97,85,84,4.96,JM,1720007857
434,necochea,-38.5473,-58.7368,7.78,65,91,6.71,AR,1720007653
435,fale old settlement,-9.3852,-171.2468,28.62,79,18,10.23,TK,1720007859
436,kolonia town,6.964,158.206,28.94,75,45,4.41,FM,1720007861
437,tobelo,1.7284,128.0095,27.42,79,73,1.25,ID,1720007862
438,laojunmiao,39.8333,97.7333,23.34,34,100,8.02,CN,1720007863
439,al muwayh,22.4333,41.7583,37.14,9,85,10.56,SA,1720007864
440,vanino,49.0869,140.2543,19.07,92,91,1.62,RU,1720007866
441,swidnik,51.219,22.6962,22.61,56,75,3.09,PL,1720007867
442,kone,-21.0595,164.8658,20.45,90,86,1.63,NC,1720007868
443,kununurra,-15.7667,128.7333,21.99,53,6,2.57,AU,1720007870
444,limon,10.0,-83.0333,24.47,85,100,3.76,CR,1720007871
445,kruisfontein,-34.0033,24.7314,20.49,32,78,2.68,ZA,1720007872
446,grand gaube,-20.0064,57.6608,24.22,67,55,2.68,MU,1720007873
447,yinchuan,38.4681,106.2731,32.18,16,0,3.46,CN,1720007596
448,hammerfest,70.6634,23.6821,8.25,100,75,1.03,NO,1720007876
449,herkimer,43.0256,-74.986,21.1,84,97,2.84,US,1720007877
450,usogorsk,63.4106,48.6872,25.28,72,84,3.42,RU,1720007878
451,nuuk,64.1835,-51.7216,4.04,84,93,2.24,GL,1720007879
452,rabaul,-4.1967,152.1721,26.95,76,100,1.47,PG,1720007881
453,belomorsk,64.5232,34.7668,19.19,70,100,4.11,RU,1720007882
454,shushenskoye,53.325,91.9356,15.61,94,100,3.5,RU,1720007883
455,siyabuswa,-25.1132,29.0445,24.22,21,0,2.6,ZA,1720007884
456,jinchang,38.4953,102.1739,29.85,16,24,5.96,CN,1720007875
457,sabana de torres,7.3915,-73.4957,26.34,97,100,0.38,CO,1720007888
458,salalah,17.0151,54.0924,29.26,79,67,5.31,OM,1720007764
459,tsengel,49.4783,100.8894,19.68,73,21,2.92,MN,1720007890
460,del rio,29.3627,-100.8968,28.06,65,20,4.63,US,1720007892
461,matoury,4.8483,-52.3317,26.98,89,0,2.06,GF,1720007835
462,aldama,22.9167,-98.0667,24.72,92,13,0.83,MX,1720007894
463,selfoss,63.9331,-20.9971,9.93,88,100,6.74,IS,1720007895
464,holualoa,19.6228,-155.9522,19.37,100,70,2.39,US,1720007897
465,safford,32.834,-109.7076,25.06,65,88,0.89,US,1720007898
466,ivdel',60.6911,60.4206,31.49,39,21,3.24,RU,1720007899
467,mata-utu,-13.2816,-176.1745,28.24,80,14,10.0,WF,1720007900
468,as sulayyil,20.4607,45.5779,42.14,6,87,7.53,SA,1720007902
469,hacilar,38.6463,35.4494,29.83,17,0,2.06,TR,1720007903
470,mwene-ditu,-7.0,23.45,32.2,18,89,2.07,CD,1720007904
471,castillos,-34.1667,-53.8333,8.5,79,50,3.6,UY,1720007905
472,ad dawadimi,24.5077,44.3924,38.64,8,67,6.26,SA,1720007906
473,praia da vitoria,38.7333,-27.0667,23.14,73,40,4.74,PT,1720007908
474,shanhaiguan,39.9988,119.7564,21.49,78,53,1.2,CN,1720007909
475,commerce,34.0006,-118.1598,20.21,90,100,1.54,US,1720007910
476,bubaque,11.2833,-15.8333,27.15,77,55,6.35,GW,1720007911
477,nantucket,41.2835,-70.0995,21.16,83,70,1.36,US,1720007913
478,birobidzhan,48.8,132.95,22.24,78,98,2.96,RU,1720007619
479,pingliang,35.5392,106.6861,18.16,81,67,3.46,CN,1720007915
480,amga,60.8953,131.9608,19.67,96,66,1.0,RU,1720007916
481,barreiro do jaiba,-15.6167,-43.6,23.09,48,3,3.65,BR,1720007918
482,talakan,50.3167,130.3667,23.72,61,60,1.29,RU,1720007729
483,shingu,33.7333,135.9833,24.94,91,100,3.03,JP,1720007920
484,egersund,58.4513,5.9997,15.6,64,99,4.61,NO,1720007921
485,luba,3.4568,8.5547,28.94,84,84,6.13,GQ,1720007922
486,coquimbo,-29.9533,-71.3436,12.77,55,20,1.03,CL,1720007924
487,beichengqu,40.4394,113.1536,19.99,61,50,3.29,CN,1720007925
488,lerwick,60.1545,-1.1494,11.0,81,99,7.84,GB,1720007926
489,howrah,22.5892,88.3103,30.0,84,100,5.14,IN,1720007927
490,christchurch,-43.5333,172.6333,5.53,88,75,4.12,NZ,1720007649
491,erenhot,43.6475,111.9767,27.02,19,90,1.88,CN,1720007931
492,ust-tsilma,65.441,52.1498,17.58,76,100,1.99,RU,1720007932
493,sona,45.4388,10.8255,20.51,60,75,1.54,IT,1720007934
494,yeed,4.55,43.0333,33.97,32,79,9.75,SO,1720007935
495,dire dawa,9.5931,41.8661,31.65,34,100,1.95,ET,1720007936
496,sisimiut,66.9395,-53.6735,5.02,72,73,0.75,GL,1720007866
497,mumbwa,-14.9783,27.0619,27.02,17,27,2.52,ZM,1720007939
498,tamanrasset,22.785,5.5228,34.95,13,0,5.14,DZ,1720007940
499,crane,31.3974,-102.3501,25.1,57,64,7.74,US,1720007941
500,zolochiv,49.806,24.8944,15.55,87,100,1.54,UA,1720007944
501,richards bay,-28.783,32.0377,29.83,27,2,4.21,ZA,1720007737
502,linqiong,30.4159,103.4609,27.9,80,64,1.7,CN,1720007946
503,colonia,50.9333,6.95,14.92,84,75,2.57,DE,1720007732
504,kyaikkami,16.08,97.5675,25.27,93,100,4.45,MM,1720007949
505,chul'man,56.8479,124.9104,20.41,78,56,1.82,RU,1720007950
506,ouani,-12.1322,44.4258,25.93,66,58,6.65,KM,1720007952
507,jeonju,35.8219,127.1489,22.37,94,4,1.18,KR,1720007954
508,iwanai,42.9744,140.5089,16.86,91,98,1.87,JP,1720007845
509,coyhaique,-45.5752,-72.0662,0.34,88,95,3.64,CL,1720007956
510,sant carles de la rapita,40.6167,0.6,32.98,34,89,0.73,ES,1720007957
511,ciudad bolivar,8.1222,-63.5497,25.88,83,63,3.69,VE,1720007959
512,vyazemskiy,47.5378,134.7525,20.59,90,100,1.88,RU,1720007960
513,bayan,46.0833,127.4,16.67,95,100,6.3,CN,1720007961
514,novyy urengoy,66.0833,76.6333,17.73,43,100,6.7,RU,1720007962
515,sault ste. marie,46.5168,-84.3333,16.16,100,100,1.54,CA,1720007964
516,antofagasta,-23.65,-70.4,14.6,79,14,1.45,CL,1720007926
517,apia,-13.8333,-171.7667,22.95,83,12,12.1,WS,1720007900
518,caleta de carquin,-11.0925,-77.6267,16.79,86,60,1.97,PE,1720007967
519,ust'-barguzin,53.45,108.9833,21.25,61,0,1.93,RU,1720007969
520,port augusta,-32.5,137.7667,8.71,64,5,3.44,AU,1720007970
521,sola,-13.8833,167.55,25.81,75,59,8.17,VU,1720007971
522,minab,27.1467,57.0801,43.18,19,21,3.09,IR,1720007972
523,askiz,53.1319,90.5264,18.48,82,100,1.05,RU,1720007974
524,irymple,-34.25,142.1667,8.38,72,6,5.24,AU,1720007975
525,puerto armuelles,8.2833,-82.8667,22.99,90,95,1.8,PA,1720007976
526,saint-philippe,-21.3585,55.7679,22.77,81,22,7.16,RE,1720007977
527,banda aceh,5.5577,95.3222,28.12,73,71,5.38,ID,1720007979
528,kaa-khem,51.6833,94.7333,18.64,77,89,5.08,RU,1720007980
529,hwange,-18.3693,26.5019,28.73,16,0,2.06,ZW,1720007981
530,gorom-gorom,14.4439,-0.2361,32.64,42,100,6.62,BF,1720007982
531,tofol,5.3248,163.0078,28.9,74,53,5.08,FM,1720007983
532,paita,-5.0892,-81.1144,17.77,87,74,3.54,PE,1720007985
533,kwaksan,39.6875,125.0828,19.6,95,49,4.03,KP,1720007986
534,emerald,-23.5333,148.1667,11.86,89,1,4.22,AU,1720007987
535,palu,-0.8917,119.8707,24.02,99,100,0.93,ID,1720007988
536,mo i rana,66.3128,14.1428,13.26,83,100,1.03,NO,1720007990
537,shiyan,32.6475,110.7781,24.62,84,100,0.78,CN,1720007991
538,ma'rib,15.4591,45.3253,38.19,12,42,3.95,YE,1720007992
539,olinda,-8.0089,-34.8553,25.85,89,75,3.09,BR,1720007993
540,lalsot,26.5667,76.3333,33.37,59,100,2.1,IN,1720007995
541,krasnogorskoye,52.2953,86.1979,18.48,80,73,1.93,RU,1720007996
542,three points,32.0767,-111.3137,28.09,59,80,1.6,US,1720007997
543,bakanas,44.8081,76.2772,30.67,18,9,3.89,KZ,1720007998
544,kowon-up,39.4381,127.2431,21.38,80,35,4.16,KP,1720008000
545,bambanglipuro,-7.95,110.2833,25.47,90,95,5.41,ID,1720008011
546,talcahuano,-36.7167,-73.1167,7.53,78,99,3.39,CL,1720008017
547,hirara,24.8,125.2833,29.8,80,77,4.01,JP,1720008021
548,smithers,54.7804,-127.1743,7.0,97,8,1.39,CA,1720008023
549,laguna,38.421,-121.4238,25.08,56,40,2.06,US,1720008028
550,agat village,13.3886,144.6585,28.52,88,40,2.57,GU,1720008030
551,kuta,-8.7233,115.1723,25.97,94,75,4.63,ID,1720008031
552,saudarkrokur,65.7461,-19.6394,10.13,76,91,5.42,IS,1720008033
553,saint-joseph,-21.3667,55.6167,22.21,76,13,7.63,RE,1720008035
554,chernushka,56.5072,56.0766,27.85,61,8,2.84,RU,1720008037
555,horodok,49.1637,26.5839,15.62,97,100,6.35,UA,1720008038
556,arish,31.1316,33.7984,30.31,48,0,5.4,EG,1720008040
557,bouinan,36.5317,2.9919,29.54,24,0,4.31,DZ,1720008042
558,turkestan,43.3333,68.25,34.37,17,7,3.88,KZ,1720008043
559,trinity beach,-16.7888,145.6968,22.94,84,100,4.12,AU,1720008047
560,mamuju,-2.6748,118.8885,24.32,95,100,3.31,ID,1720008048
561,cerkezkoy,41.285,28.0003,30.1,48,20,9.77,TR,1720008050
562,gagliano del capo,39.8442,18.3695,25.63,59,27,5.81,IT,1720008051
